0,JaMychal Green,PF,9-Jun,227,June 21 1990,1,University of Alabama,MEM,2016
0,Russell Westbrook,PG,3-Jun,200,November 12 1988,7,University of California Los Angeles,OKC,2016
0,Damian Lillard,PG,3-Jun,195,July 15 1990,3,Weber State University,POR,2016
0,Isaiah Canaan,PG,Jun-00,201,May 21 1991,2,Murray State University,PHI,2016
0,C.J. Miles,SF,6-Jun,231,April 18 1987,10,,IND,2016
0,Josh Richardson,SG,6-Jun,200,September 15 1993,R,University of Tennessee,MIA,2016
0,Shane Larkin,PG,11-May,175,October 2 1992,2,University of Miami,BRK,2016
0,Andre Drummond,C,11-Jun,279,August 10 1993,3,University of Connecticut,DET,2016
0,Jeff Teague,PG,2-Jun,186,June 10 1988,6,Wake Forest University,ATL,2016
0,Andrew Goudelock,PG,3-Jun,200,December 7 1988,2,College of Charleston,HOU,2016
0,Emmanuel Mudiay,PG,5-Jun,200,March 5 1996,R,,DEN,2016
0,Darrell Arthur,PF,9-Jun,235,March 25 1988,6,University of Kansas,DEN,2016
0,Avery Bradley,SG,2-Jun,180,November 26 1990,5,University of Texas at Austin,BOS,2016
0,Aaron Brooks,PG,Jun-00,161,January 14 1985,7,University of Oregon,CHI,2016
0,Spencer Hawes,PF,1-Jul,245,April 28 1988,8,University of Washington,CHO,2016
0,Nick Young,SG,7-Jun,210,June 1 1985,8,University of Southern California,LAL,2016
0,Willie Cauley-Stein,C,Jul-00,240,August 18 1993,R,University of Kentucky,SAC,2016
0,Aaron Gordon,PF,9-Jun,220,September 16 1995,1,University of Arizona,ORL,2016
0,Kevin Love,PF,10-Jun,251,September 7 1988,7,University of California Los Angeles,CLE,2016
1,Kevin Seraphin,C,10-Jun,278,December 7 1989,5,,NYK,2016
1,Lance Stephenson,SF,5-Jun,230,September 5 1990,5,University of Cincinnati,MEM,2016
1,Tyreke Evans,PG,6-Jun,220,September 19 1989,6,University of Memphis,NOP,2016
1,Ish Smith,PG,Jun-00,175,July 5 1988,5,Wake Forest University,PHI,2016
1,Joseph Young,PG,2-Jun,180,June 27 1992,R,University of Oregon,IND,2016
1,Justin Anderson,SG,6-Jun,228,November 19 1993,R,University of Virginia,DAL,2016
1,Chris Bosh,PF,11-Jun,235,March 24 1984,12,Georgia Institute of Technology,MIA,2016
1,Chris McCullough,PF,11-Jun,200,February 5 1995,R,Syracuse University,BRK,2016
1,Kyle Anderson,SF,9-Jun,230,September 20 1993,1,University of California Los Angeles,SAS,2016
1,Reggie Jackson,PG,3-Jun,208,April 16 1990,4,Boston College,DET,2016
1,Trevor Ariza,SF,8-Jun,215,June 30 1985,11,University of California Los Angeles,HOU,2016
1,Jameer Nelson,PG,Jun-00,190,February 9 1982,11,Saint Joseph's University,DEN,2016
1,Derrick Rose,PG,3-Jun,190,October 4 1988,6,University of Memphis,CHI,2016
1,Devin Booker,SG,6-Jun,206,October 30 1996,R,University of Kentucky,PHO,2016
1,Jared Dudley,PF,7-Jun,225,July 10 1985,8,Boston College,WAS,2016
1,Tyus Jones,PG,2-Jun,195,May 10 1996,R,Duke University,MIN,2016
1,Courtney Lee,SG,5-Jun,200,October 3 1985,7,Western Kentucky University,CHO,2016
1,D'Angelo Russell,PG,5-Jun,195,February 23 1996,R,Ohio State University,LAL,2016
1,Jason Thompson,C,11-Jun,250,July 21 1986,7,Rider University,TOR,2016
1,James Jones,SF,8-Jun,218,October 4 1980,12,University of Miami,CLE,2016
2,Langston Galloway,PG,2-Jun,200,December 9 1991,1,Saint Joseph's University,NYK,2016
2,Anthony Morrow,SG,5-Jun,210,September 27 1985,7,Georgia Institute of Technology,OKC,2016
2,Brian Roberts,PG,1-Jun,173,December 3 1985,3,University of Dayton,POR,2016
2,Tim Frazier,PG,1-Jun,170,November 1 1990,1,Pennsylvania State University,NOP,2016
2,Rodney Stuckey,PG,5-Jun,205,April 21 1986,8,Eastern Washington University,IND,2016
2,Raymond Felton,PG,1-Jun,205,June 26 1984,10,University of North Carolina,DAL,2016
2,Joe Johnson,SF,7-Jun,240,June 29 1981,14,University of Arkansas,MIA,2016
2,Jarrett Jack,PG,3-Jun,200,October 28 1983,10,Georgia Institute of Technology,BRK,2016
2,Kawhi Leonard,SF,7-Jun,230,June 29 1991,4,San Diego State University,SAS,2016
2,Patrick Beverley,PG,1-Jun,185,July 12 1988,3,University of Arkansas,HOU,2016
2,Eric Bledsoe,PG,1-Jun,190,December 9 1989,5,University of Kentucky,PHO,2016
2,John Wall,PG,4-Jun,195,September 6 1990,5,University of Kentucky,WAS,2016
2,Marvin Williams,PF,9-Jun,237,June 19 1986,10,University of North Carolina,CHO,2016
2,Brandon Bass,PF,8-Jun,250,April 30 1985,10,Louisiana State University,LAL,2016
2,Joe Ingles,SF,8-Jun,226,October 2 1987,1,,UTA,2016
2,Kyrie Irving,PG,3-Jun,193,March 23 1992,4,Duke University,CLE,2016
3,Jose Calderon,PG,3-Jun,200,September 28 1981,10,,NYK,2016
3,Jordan Adams,SG,5-Jun,209,July 8 1994,1,University of California Los Angeles,MEM,2016
3,Dion Waiters,SG,4-Jun,225,December 10 1991,3,Syracuse University,OKC,2016
3,C.J. McCollum,SG,4-Jun,200,September 19 1991,2,Lehigh University,POR,2016
3,Omer Asik,C,Jul-00,255,July 4 1986,5,,NOP,2016
3,George Hill,PG,3-Jun,188,May 4 1986,7,Indiana University-Purdue University Indianapolis,IND,2016
3,Charlie Villanueva,PF,11-Jun,232,August 24 1984,10,University of Connecticut,DAL,2016
3,Dwyane Wade,SG,4-Jun,220,January 17 1982,12,Marquette University,MIA,2016
3,O.J. Mayo,SG,5-Jun,210,November 5 1987,7,University of Southern California,MIL,2016
3,Stanley Johnson,SF,7-Jun,245,May 29 1996,R,University of Arizona,DET,2016
3,Mike Miller,SF,8-Jun,218,February 19 1980,15,University of Florida,DEN,2016
3,Doug McDermott,SF,8-Jun,225,January 3 1992,1,Creighton University,CHI,2016
3,Chris Paul,PG,Jun-00,175,May 6 1985,10,Wake Forest University,LAC,2016
3,Brandon Knight,SG,3-Jun,189,December 2 1991,4,University of Kentucky,PHO,2016
3,Bradley Beal,SG,5-Jun,207,June 28 1993,3,University of Florida,WAS,2016
3,Jeremy Lamb,SG,5-Jun,185,May 30 1992,3,University of Connecticut,CHO,2016
3,Anthony Brown,SF,7-Jun,210,October 10 1992,R,Stanford University,LAL,2016
3,Trey Burke,PG,1-Jun,191,November 12 1992,2,University of Michigan,UTA,2016
3,James Johnson,PF,9-Jun,250,February 20 1987,6,Wake Forest University,TOR,2016
3,Marco Belinelli,SG,5-Jun,210,March 25 1986,8,,SAC,2016
3,Dewayne Dedmon,C,Jul-00,245,August 12 1989,2,University of Southern California,ORL,2016
4,Arron Afflalo,SG,5-Jun,210,October 15 1985,8,University of California Los Angeles,NYK,2016
4,Jordan Farmar,PG,2-Jun,180,November 30 1986,8,University of California Los Angeles,MEM,2016
4,Nick Collison,PF,10-Jun,255,October 26 1980,11,University of Kansas,OKC,2016
4,Maurice Harkless,SF,9-Jun,215,May 11 1993,3,St. John's University,POR,2016
4,James Ennis,SF,7-Jun,210,July 1 1990,1,California State University Long Beach,NOP,2016
4,Nerlens Noel,PF,11-Jun,228,April 10 1994,1,University of Kentucky,PHI,2016
4,Josh McRoberts,PF,10-Jun,240,February 28 1987,8,Duke University,MIA,2016
4,Paul Millsap,PF,8-Jun,246,February 10 1985,9,Louisiana Tech University,ATL,2016
4,Isaiah Thomas,PG,9-May,185,February 7 1989,4,University of Washington,BOS,2016
4,Brandon Rush,SG,6-Jun,210,July 7 1985,7,University of Kansas,GSW,2016
4,J.J. Redick,SG,4-Jun,190,June 24 1984,9,Duke University,LAC,2016
4,Tyson Chandler,C,1-Jul,240,October 2 1982,14,,PHO,2016
4,Greg Smith,PF,10-Jun,250,January 8 1991,4,California State University Fresno,MIN,2016
4,Ryan Kelly,PF,11-Jun,230,April 9 1991,2,Duke University,LAL,2016
4,Luis Scola,PF,9-Jun,240,April 30 1980,8,,TOR,2016
4,Elfrid Payton,PG,4-Jun,185,February 22 1994,1,University of Louisiana at Lafayette,ORL,2016
4,Iman Shumpert,SG,5-Jun,220,June 26 1990,4,Georgia Institute of Technology,CLE,2016
5,Kyle Singler,SF,8-Jun,228,May 4 1988,3,Duke University,OKC,2016
5,Pat Connaughton,SG,5-Jun,206,January 6 1993,R,University of Notre Dame,POR,2016
5,Kendrick Perkins,C,10-Jun,270,November 10 1984,12,,NOP,2016
5,Kendall Marshall,PG,4-Jun,200,August 19 1991,3,University of North Carolina,PHI,2016
5,Lavoy Allen,PF,9-Jun,255,February 4 1989,4,Temple University,IND,2016
5,J.J. Barea,PG,Jun-00,185,June 26 1984,9,Northeastern University,DAL,2016
5,Amar'e Stoudemire,C,10-Jun,245,November 16 1982,13,,MIA,2016
5,Michael Carter-Williams,PG,6-Jun,190,October 10 1991,2,Syracuse University,MIL,2016
5,Kentavious Caldwell-Pope,SG,5-Jun,205,February 18 1993,2,University of Georgia,DET,2016
5,Josh Smith,PF,9-Jun,225,December 5 1985,11,,HOU,2016
5,Will Barton,SG,6-Jun,175,January 6 1991,3,University of Memphis,DEN,2016
5,Bobby Portis,PF,11-Jun,230,February 10 1995,R,University of Arkansas,CHI,2016
5,Marreese Speights,PF,10-Jun,255,August 4 1987,7,University of Florida,GSW,2016
5,Markieff Morris,PF,10-Jun,245,September 2 1989,4,University of Kansas,WAS,2016
5,Gorgui Dieng,C,11-Jun,241,January 18 1990,2,University of Louisville,MIN,2016
5,Nicolas Batum,SG,8-Jun,200,December 14 1988,7,,CHO,2016
5,Rodney Hood,SG,8-Jun,206,October 20 1992,1,Duke University,UTA,2016
5,DeMarre Carroll,SF,8-Jun,212,July 27 1986,6,University of Missouri,TOR,2016
5,James Anderson,SG,6-Jun,213,March 25 1989,4,Oklahoma State University,SAC,2016
5,Victor Oladipo,SG,4-Jun,210,May 4 1992,2,Indiana University,ORL,2016
5,J.R. Smith,SG,6-Jun,225,September 9 1985,11,,CLE,2016
6,Kristaps Porzingis,PF,3-Jul,240,August 2 1995,R,,NYK,2016
6,Randy Foye,SG,4-Jun,213,September 24 1983,9,Villanova University,OKC,2016
6,Sean Kilpatrick,SG,4-Jun,210,January 6 1990,1,University of Cincinnati,BRK,2016
6,Steve Novak,PF,10-Jun,225,June 13 1983,9,Marquette University,MIL,2016
6,Darrun Hilliard,SF,6-Jun,205,April 13 1993,R,Villanova University,DET,2016
6,Terrence Jones,PF,9-Jun,252,January 9 1992,3,University of Kentucky,HOU,2016
6,Axel Toupane,SF,7-Jun,197,July 23 1992,R,,DEN,2016
6,Cristiano Felicio,C,10-Jun,275,July 7 1992,R,,CHI,2016
6,DeAndre Jordan,C,11-Jun,265,July 21 1988,7,Texas A&amp;M University,LAC,2016
6,Alan Anderson,SG,6-Jun,220,October 16 1982,6,Michigan State University,WAS,2016
6,Jordan Clarkson,SG,5-Jun,185,June 7 1992,1,University of Missouri,LAL,2016
6,Cory Joseph,PG,3-Jun,190,August 20 1991,4,University of Texas at Austin,TOR,2016
7,Carmelo Anthony,SF,8-Jun,240,May 29 1984,12,Syracuse University,NYK,2016
7,Chris Andersen,C,10-Jun,245,July 7 1978,13,Blinn College,MEM,2016
7,Carl Landry,PF,9-Jun,248,September 19 1983,8,Purdue University,PHI,2016
7,Dwight Powell,PF,11-Jun,240,July 20 1991,1,Stanford University,DAL,2016
7,Goran Dragic,SG,3-Jun,190,May 6 1986,7,,MIA,2016
7,Sam Dekker,SF,9-Jun,230,May 6 1994,R,University of Wisconsin,HOU,2016
7,Jared Sullinger,PF,9-Jun,260,March 4 1992,3,Ohio State University,BOS,2016
7,Justin Holiday,SG,6-Jun,185,April 5 1989,2,University of Washington,CHI,2016
7,Ramon Sessions,PG,3-Jun,190,April 11 1986,8,University of Nevada Reno,WAS,2016
7,Jeremy Lin,PG,3-Jun,200,August 23 1988,5,Harvard University,CHO,2016
7,Larry Nance Jr.,PF,9-Jun,230,January 1 1993,R,University of Wyoming,LAL,2016
7,Kyle Lowry,PG,Jun-00,205,March 25 1986,9,Villanova University,TOR,2016
7,Darren Collison,PG,Jun-00,175,August 23 1987,6,University of California Los Angeles,SAC,2016
7,Ersan Ilyasova,PF,10-Jun,235,May 15 1987,7,,ORL,2016
8,Robin Lopez,C,Jul-00,255,April 1 1988,7,Stanford University,NYK,2016
8,Al-Farouq Aminu,SF,9-Jun,215,September 21 1990,5,Wake Forest University,POR,2016
8,Luke Babbitt,SF,9-Jun,225,June 20 1989,5,University of Nevada Reno,NOP,2016
8,Jahlil Okafor,C,11-Jun,275,December 15 1995,R,Duke University,PHI,2016
8,Deron Williams,PG,3-Jun,200,June 26 1984,10,University of Illinois at Urbana-Champaign,DAL,2016
8,Tyler Johnson,SG,4-Jun,186,May 7 1992,1,California State University Fresno,MIA,2016
8,Patty Mills,PG,Jun-00,185,August 11 1988,6,Saint Mary's College of California,SAS,2016
8,Spencer Dinwiddie,PG,6-Jun,200,April 6 1993,1,University of Colorado,DET,2016
8,Michael Beasley,SF,9-Jun,235,January 9 1989,7,Kansas State University,HOU,2016
8,Danilo Gallinari,SF,10-Jun,225,August 8 1988,6,,DEN,2016
8,Jonas Jerebko,PF,10-Jun,231,March 2 1987,5,,BOS,2016
8,Jeff Green,SF,9-Jun,235,August 28 1986,7,Georgetown University,LAC,2016
8,Jarell Eddie,SF,7-Jun,218,October 30 1991,R,Virginia Polytechnic Institute and State University,WAS,2016
8,Zach LaVine,PG,5-Jun,189,March 10 1995,1,University of California Los Angeles,MIN,2016
8,Shelvin Mack,PG,3-Jun,203,April 22 1990,4,Butler University,UTA,2016
8,Bismack Biyombo,C,9-Jun,245,August 28 1992,4,,TOR,2016
8,Rudy Gay,SF,8-Jun,230,August 17 1986,9,University of Connecticut,SAC,2016
8,Matthew Dellavedova,SG,4-Jun,198,September 8 1990,2,Saint Mary's College of California,CLE,2016
9,Kyle O'Quinn,PF,10-Jun,250,March 26 1990,3,Norfolk State University,NYK,2016
9,Tony Allen,SF,4-Jun,213,January 11 1982,11,Oklahoma State University,MEM,2016
9,Serge Ibaka,PF,10-Jun,245,September 18 1989,6,,OKC,2016
9,Gerald Henderson,SG,5-Jun,215,December 9 1987,6,Duke University,POR,2016
9,Luol Deng,SF,9-Jun,220,April 16 1985,11,Duke University,MIA,2016
9,Tony Parker,PG,2-Jun,185,May 17 1982,14,,SAS,2016
9,JaKarr Sampson,SF,9-Jun,214,March 20 1993,1,St. John's University,DEN,2016
9,Andre Iguodala,SG,6-Jun,207,January 28 1984,11,University of Arizona,GSW,2016
9,Pablo Prigioni,PG,3-Jun,185,May 17 1977,3,,LAC,2016
9,Ricky Rubio,PG,4-Jun,194,October 21 1990,4,,MIN,2016
9,Aaron Harrison,SG,6-Jun,210,October 28 1994,R,University of Kentucky,CHO,2016
9,Marcelo Huertas,PG,3-Jun,185,May 25 1983,R,,LAL,2016
9,Rajon Rondo,PG,1-Jun,186,February 22 1986,9,University of Kentucky,SAC,2016
9,Nikola Vucevic,C,Jul-00,260,October 24 1990,4,University of Southern California,ORL,2016
9,Channing Frye,C,11-Jun,255,May 17 1983,9,University of Arizona,CLE,2016
10,Jarell Martin,PF,10-Jun,239,May 24 1994,R,Louisiana State University,MEM,2016
10,Eric Gordon,SG,4-Jun,215,December 25 1988,7,Indiana University,NOP,2016
10,Ty Lawson,PG,11-May,195,November 3 1987,6,University of North Carolina,IND,2016
10,Sergey Karasev,SF,7-Jun,208,October 26 1993,2,,BRK,2016
10,Tim Hardaway,SG,6-Jun,205,March 16 1992,2,University of Michigan,ATL,2016
10,Chase Budinger,SF,7-Jun,209,May 22 1988,6,University of Arizona,PHO,2016
10,Damjan Rudez,SF,10-Jun,228,June 17 1986,1,,MIN,2016
10,Alec Burks,SG,6-Jun,214,July 20 1991,4,University of Colorado,UTA,2016
10,DeMar DeRozan,SG,7-Jun,220,August 7 1989,6,University of Southern California,TOR,2016
10,Evan Fournier,SF,7-Jun,205,October 29 1992,3,,ORL,2016
11,Cleanthony Early,SF,8-Jun,210,April 17 1991,1,Wichita State University,NYK,2016
11,Mike Conley,PG,1-Jun,175,October 11 1987,8,Ohio State University,MEM,2016
11,Enes Kanter,C,11-Jun,245,May 20 1992,4,,OKC,2016
11,Meyers Leonard,PF,1-Jul,245,February 27 1992,3,University of Illinois at Urbana-Champaign,POR,2016
11,Jrue Holiday,PG,4-Jun,205,June 12 1990,6,University of California Los Angeles,NOP,2016
11,Nik Stauskas,SG,6-Jun,205,October 7 1993,1,University of Michigan,PHI,2016
11,Monta Ellis,SG,3-Jun,185,October 26 1985,10,,IND,2016
11,JaVale McGee,C,Jul-00,270,January 19 1988,7,University of Nevada Reno,DAL,2016
11,Brook Lopez,C,Jul-00,275,April 1 1988,7,Stanford University,BRK,2016
11,Tyler Ennis,PG,3-Jun,194,August 24 1994,1,Syracuse University,MIL,2016
11,Tiago Splitter,C,11-Jun,245,January 1 1985,5,,ATL,2016
11,Evan Turner,SG,7-Jun,220,October 27 1988,5,Ohio State University,BOS,2016
11,Klay Thompson,SG,7-Jun,205,February 8 1990,4,Washington State University,GSW,2016
11,Jamal Crawford,SG,5-Jun,195,March 20 1980,15,University of Michigan,LAC,2016
11,Dante Exum,G,6-Jun,190,July 13 1995,1,,UTA,2016
11,Devyn Marble,SG,6-Jun,200,September 21 1992,1,University of Iowa,ORL,2016
12,Steven Adams,C,Jul-00,255,July 20 1993,2,University of Pittsburgh,OKC,2016
12,T.J. McConnell,PG,2-Jun,200,March 25 1992,R,University of Arizona,PHI,2016
12,LaMarcus Aldridge,PF,11-Jun,240,July 19 1985,9,University of Texas at Austin,SAS,2016
12,Jabari Parker,PF,8-Jun,250,March 15 1995,1,Duke University,MIL,2016
12,Aron Baynes,C,10-Jun,260,December 9 1986,3,Washington State University,DET,2016
12,Kirk Hinrich,PG,4-Jun,190,January 2 1981,12,University of Kansas,ATL,2016
12,Dwight Howard,C,11-Jun,265,December 8 1985,11,,HOU,2016
12,D.J. Augustin,PG,Jun-00,183,November 10 1987,7,University of Texas at Austin,DEN,2016
12,Terry Rozier,PG,2-Jun,190,March 17 1994,R,University of Louisville,BOS,2016
12,Andrew Bogut,C,Jul-00,260,November 28 1984,10,University of Utah,GSW,2016
12,Luc Mbah a Moute,PF,8-Jun,230,September 9 1986,7,University of California Los Angeles,LAC,2016
12,T.J. Warren,SF,8-Jun,230,September 5 1993,1,North Carolina State University,PHO,2016
12,Kelly Oubre Jr.,SF,7-Jun,205,December 9 1995,R,University of Kansas,WAS,2016
12,Tayshaun Prince,SF,9-Jun,212,February 28 1980,13,University of Kentucky,MIN,2016
12,Jorge Gutierrez,PG,3-Jun,191,December 27 1988,2,University of California,CHO,2016
12,Jordan McRae,PG,6-Jun,185,March 28 1991,R,University of Tennessee,CLE,2016
13,Jerian Grant,PG,4-Jun,195,October 9 1992,R,University of Notre Dame,NYK,2016
13,Nazr Mohammed,C,10-Jun,221,September 5 1977,17,University of Kentucky,OKC,2016
13,Paul George,PF,9-Jun,220,May 2 1990,5,California State University Fresno,IND,2016
13,Marcus Morris,SF,9-Jun,235,September 2 1989,4,University of Kansas,DET,2016
13,Lamar Patterson,SG,5-Jun,225,August 12 1991,R,University of Pittsburgh,ATL,2016
13,James Harden,SG,5-Jun,220,August 26 1989,6,Arizona State University,HOU,2016
13,James Young,SG,6-Jun,215,August 16 1995,1,University of Kentucky,BOS,2016
13,Joakim Noah,C,11-Jun,232,February 25 1985,8,University of Florida,CHI,2016
13,Marcin Gortat,C,11-Jun,240,February 17 1984,8,,WAS,2016
13,Quincy Acy,PF,7-Jun,240,October 6 1990,3,Baylor University,SAC,2016
13,Shabazz Napier,PG,1-Jun,175,July 14 1991,1,University of Connecticut,ORL,2016
13,Tristan Thompson,PF,9-Jun,238,March 13 1991,4,University of Texas at Austin,CLE,2016
14,Xavier Munford,SG,3-Jun,180,June 1 1992,R,University of Rhode Island,MEM,2016
14,Gerald Green,SG,7-Jun,205,January 26 1986,8,,MIA,2016
14,Henry Sims,C,10-Jun,248,March 27 1990,3,Georgetown University,BRK,2016
14,Danny Green,SG,6-Jun,215,June 22 1987,6,University of North Carolina,SAS,2016
14,Gary Harris,SG,4-Jun,210,September 14 1994,1,Michigan State University,DEN,2016
14,Ronnie Price,PG,2-Jun,190,June 21 1983,10,Utah Valley State College,PHO,2016
14,Nikola Pekovic,C,11-Jun,307,January 3 1986,5,,MIN,2016
14,Michael Kidd-Gilchrist,SF,7-Jun,232,September 26 1993,3,University of Kentucky,CHO,2016
14,Jason Smith,C,Jul-00,245,March 2 1986,7,Colorado State University,ORL,2016
14,Sasha Kaun,C,11-Jun,260,May 8 1985,R,University of Kansas,CLE,2016
15,Vince Carter,SG,6-Jun,220,January 26 1977,17,University of North Carolina,MEM,2016
15,Alonzo Gee,SF,6-Jun,225,May 29 1987,6,University of Alabama,NOP,2016
15,Donald Sloan,PG,3-Jun,205,January 15 1988,4,Texas A&amp;M University,BRK,2016
15,Matt Bonner,C,10-Jun,235,April 5 1980,11,University of Florida,SAS,2016
15,Greg Monroe,C,11-Jun,265,June 4 1990,5,Georgetown University,MIL,2016
15,Al Horford,C,10-Jun,245,June 3 1986,8,University of Florida,ATL,2016
15,Clint Capela,C,10-Jun,240,May 18 1994,1,,HOU,2016
15,Nikola Jokic,C,10-Jun,250,February 19 1995,R,,DEN,2016
15,Alan Williams,PF,8-Jun,260,January 28 1993,R,University of California Santa Barbara,PHO,2016
15,Marcus Thornton,SG,4-Jun,205,June 5 1987,6,Louisiana State University,WAS,2016
15,Shabazz Muhammad,SG,6-Jun,223,November 13 1992,2,University of California Los Angeles,MIN,2016
15,Kemba Walker,PG,1-Jun,172,May 8 1990,4,University of Connecticut,CHO,2016
15,Derrick Favors,PF,10-Jun,265,July 15 1991,5,Georgia Institute of Technology,UTA,2016
15,DeMarcus Cousins,C,11-Jun,270,August 13 1990,5,University of Kentucky,SAC,2016
16,Toney Douglas,PG,2-Jun,195,March 16 1986,6,Florida State University,NOP,2016
16,Pau Gasol,C,Jul-00,250,July 6 1980,14,,CHI,2016
17,Lou Amundson,PF,9-Jun,220,December 7 1982,9,University of Nevada Las Vegas,NYK,2016
17,Ed Davis,PF,10-Jun,240,June 5 1989,5,University of North Carolina,POR,2016
17,Jonathon Simmons,SG,6-Jun,195,September 14 1989,R,University of Houston,SAS,2016
17,Damien Inglis,SF,8-Jun,246,May 20 1995,R,,MIL,2016
17,Dennis Schroder,PG,1-Jun,172,September 15 1993,2,,ATL,2016
17,P.J. Tucker,SF,6-Jun,245,May 5 1985,4,University of Texas at Austin,PHO,2016
17,Garrett Temple,SF,6-Jun,195,May 8 1986,5,Louisiana State University,WAS,2016
17,Roy Hibbert,C,2-Jul,270,December 11 1986,7,Georgetown University,LAL,2016
17,Jonas Valanciunas,C,Jul-00,255,May 6 1992,3,,TOR,2016
18,Sasha Vujacic,SG,7-Jun,195,March 8 1984,8,,NYK,2016
18,Miles Plumlee,C,11-Jun,249,September 1 1988,3,Duke University,MIL,2016
18,Anderson Varejao,C,10-Jun,273,September 28 1982,11,,GSW,2016
18,Erick Green,PG,4-Jun,185,May 9 1991,1,Virginia Polytechnic Institute and State University,UTA,2016
18,Omri Casspi,SF,9-Jun,225,June 22 1988,6,,SAC,2016
19,P.J. Hairston,SF,6-Jun,230,December 24 1992,1,University of North Carolina,MEM,2016
19,Jerryd Bayless,SG,3-Jun,200,August 20 1988,7,University of Arizona,MIL,2016
19,Leandro Barbosa,SG,3-Jun,194,November 28 1982,12,,GSW,2016
19,Jeff Ayres,C,9-Jun,240,April 29 1987,5,Arizona State University,LAC,2016
20,Justise Winslow,SF,7-Jun,225,March 26 1996,R,Duke University,MIA,2016
20,Manu Ginobili,SG,6-Jun,205,July 28 1977,13,,SAS,2016
20,Rashad Vaughn,SG,6-Jun,202,August 16 1996,R,University of Nevada Las Vegas,MIL,2016
20,Jodie Meeks,SG,4-Jun,208,August 21 1987,6,University of Kentucky,DET,2016
20,Donatas Motiejunas,PF,Jul-00,222,September 20 1990,3,,HOU,2016
20,Tony Snell,SF,7-Jun,200,November 10 1991,2,University of New Mexico,CHI,2016
20,James Michael McAdoo,PF,9-Jun,230,January 4 1993,1,University of North Carolina,GSW,2016
20,Archie Goodwin,SG,5-Jun,200,August 17 1994,2,University of Kentucky,PHO,2016
20,Gordon Hayward,SF,8-Jun,226,March 23 1990,5,Butler University,UTA,2016
20,Bruno Caboclo,SF,9-Jun,205,September 21 1995,1,,TOR,2016
20,Timofey Mozgov,C,1-Jul,275,July 16 1986,5,,CLE,2016
21,Andre Roberson,SG,7-Jun,210,December 4 1991,2,University of Colorado,OKC,2016
21,Noah Vonleh,PF,10-Jun,240,August 24 1995,1,Indiana University,POR,2016
21,Jeremy Evans,SF,9-Jun,196,October 24 1987,5,Western Kentucky University,DAL,2016
21,Hassan Whiteside,C,Jul-00,265,June 13 1989,3,Marshall University,MIA,2016
21,Wayne Ellington,SG,4-Jun,200,October 29 1987,6,University of North Carolina,BRK,2016
21,Tim Duncan,C,11-Jun,250,April 25 1976,18,Wake Forest University,SAS,2016
21,Greivis Vasquez,PG,6-Jun,217,January 16 1987,5,University of Maryland,MIL,2016
21,Jimmy Butler,SG,7-Jun,220,September 14 1989,4,Marquette University,CHI,2016
21,Ian Clark,SG,3-Jun,175,March 7 1991,2,Belmont University,GSW,2016
21,Alex Len,C,1-Jul,260,June 16 1993,2,University of Maryland,PHO,2016
21,J.J. Hickson,C,9-Jun,242,September 4 1988,7,North Carolina State University,WAS,2016
21,Kevin Garnett,PF,11-Jun,240,May 19 1976,20,,MIN,2016
21,Tibor Pleiss,C,3-Jul,256,November 2 1989,R,,UTA,2016
22,Matt Barnes,SF,7-Jun,226,March 9 1980,12,University of California Los Angeles,MEM,2016
22,Cameron Payne,PG,3-Jun,185,August 8 1994,R,Murray State University,OKC,2016
22,Richaun Holmes,PF,10-Jun,245,October 15 1993,R,Bowling Green State University,PHI,2016
22,Markel Brown,SG,3-Jun,190,January 29 1992,1,Oklahoma State University,BRK,2016
22,Khris Middleton,SG,8-Jun,234,August 12 1991,3,Texas A&amp;M University,MIL,2016
22,Steve Blake,PG,3-Jun,172,February 26 1980,12,University of Maryland,DET,2016
22,Walter Tavares,C,3-Jul,260,March 22 1992,R,,ATL,2016
22,Taj Gibson,PF,9-Jun,225,June 24 1985,6,University of Southern California,CHI,2016
22,Branden Dawson,PF,6-Jun,225,February 1 1993,R,Michigan State University,LAC,2016
22,Otto Porter,SF,8-Jun,198,June 3 1993,2,Georgetown University,WAS,2016
22,Andrew Wiggins,SG,8-Jun,199,February 23 1995,1,University of Kansas,MIN,2016
23,Derrick Williams,PF,8-Jun,240,May 25 1991,4,University of Arizona,NYK,2016
23,Allen Crabbe,SG,6-Jun,210,April 9 1992,2,University of California,POR,2016
23,Anthony Davis,PF,10-Jun,253,March 11 1993,3,University of Kentucky,NOP,2016
23,Wesley Matthews,SG,5-Jun,220,October 14 1986,6,Marquette University,DAL,2016
23,Kevin Martin,SG,7-Jun,199,February 1 1983,11,Western Carolina University,SAS,2016
23,Jusuf Nurkic,C,Jul-00,280,August 23 1994,1,,DEN,2016
23,Draymond Green,PF,7-Jun,230,March 4 1990,3,Michigan State University,GSW,2016
23,John Jenkins,SG,4-Jun,215,March 6 1991,3,Vanderbilt University,PHO,2016
23,Lou Williams,SG,1-Jun,175,October 27 1986,10,,LAL,2016
23,Chris Johnson,SF,6-Jun,206,April 29 1990,3,University of Dayton,UTA,2016
23,Ben McLemore,SG,5-Jun,195,February 11 1993,2,University of Kansas,SAC,2016
23,Mario Hezonja,SF,8-Jun,215,February 25 1995,R,,ORL,2016
23,LeBron James,SF,8-Jun,250,December 30 1984,12,,CLE,2016
24,Mason Plumlee,C,11-Jun,245,March 5 1990,2,Duke University,POR,2016
24,Rondae Hollis-Jefferson,SF,7-Jun,220,January 3 1995,R,University of Arizona,BRK,2016
24,Andre Miller,PG,3-Jun,200,March 19 1976,16,University of Utah,SAS,2016
24,Kent Bazemore,SF,5-Jun,201,July 1 1989,3,Old Dominion University,ATL,2016
24,Kobe Bryant,SF,6-Jun,212,August 23 1978,19,,LAL,2016
24,Jeff Withey,C,Jul-00,231,March 7 1990,2,University of Kansas,UTA,2016
24,Norman Powell,SG,4-Jun,215,May 25 1993,R,University of California Los Angeles,TOR,2016
24,Richard Jefferson,SF,7-Jun,233,June 21 1980,14,University of Arizona,CLE,2016
25,Jordan Hamilton,SF,7-Jun,220,October 6 1990,4,University of Texas at Austin,NOP,2016
25,Rakeem Christmas,PF,9-Jun,250,December 1 1991,R,Syracuse University,IND,2016
25,Chandler Parsons,SF,9-Jun,227,October 25 1988,4,University of Florida,DAL,2016
25,Briante Weber,PG,2-Jun,165,December 29 1992,R,Virginia Commonwealth University,MIA,2016
25,Reggie Bullock,SF,7-Jun,205,March 16 1991,2,University of North Carolina,DET,2016
25,Thabo Sefolosha,SF,7-Jun,220,May 2 1984,9,,ATL,2016
25,Austin Rivers,SG,4-Jun,200,August 1 1992,3,Duke University,LAC,2016
25,Al Jefferson,C,10-Jun,289,January 4 1985,11,,CHO,2016
25,Raul Neto,PG,1-Jun,179,May 19 1992,R,,UTA,2016
25,Eric Moreland,PF,10-Jun,238,December 24 1991,1,Oregon State University,SAC,2016
26,Kyle Korver,SG,7-Jun,212,March 17 1981,12,Creighton University,ATL,2016
26,Duje Dukan,PF,9-Jun,220,December 4 1991,R,University of Wisconsin,SAC,2016
27,Jordan Hill,PF,10-Jun,235,July 27 1987,6,University of Arizona,IND,2016
27,Zaza Pachulia,C,11-Jun,270,February 10 1984,12,,DAL,2016
27,Rudy Gobert,C,1-Jul,245,June 26 1992,2,,UTA,2016
28,Ian Mahinmi,C,11-Jun,250,November 5 1986,7,,IND,2016
28,R.J. Hunter,SG,5-Jun,185,October 24 1993,R,Georgia State University,BOS,2016
28,Tarik Black,C,9-Jun,250,November 22 1991,1,University of Kansas,LAL,2016
30,Norris Cole,PG,2-Jun,175,October 13 1988,4,Cleveland State University,NOP,2016
30,Thaddeus Young,PF,8-Jun,221,June 21 1988,8,Georgia Institute of Technology,BRK,2016
30,David West,PF,9-Jun,250,August 29 1980,12,Xavier University,SAS,2016
30,Stephen Curry,PG,3-Jun,185,March 14 1988,6,Davidson College,GSW,2016
30,C.J. Wilcox,SG,5-Jun,195,December 30 1990,1,University of Washington,LAC,2016
30,Jon Leuer,PF,10-Jun,228,May 14 1989,4,University of Wisconsin,PHO,2016
30,Troy Daniels,SG,4-Jun,205,July 15 1991,2,Virginia Commonwealth University,CHO,2016
30,Julius Randle,PF,9-Jun,250,November 29 1994,1,University of Kentucky,LAL,2016
30,Seth Curry,PG,2-Jun,185,August 23 1990,2,Duke University,SAC,2016
30,Dahntay Jones,SF,6-Jun,225,December 27 1980,11,Duke University,CLE,2016
31,Bryce Dejean-Jones,SG,6-Jun,209,August 21 1992,R,Iowa State University,NOP,2016
31,Hollis Thompson,SG,8-Jun,206,April 3 1991,2,Georgetown University,PHI,2016
31,John Henson,C,11-Jun,229,December 28 1990,3,University of North Carolina,MIL,2016
31,Mike Muscala,PF,11-Jun,240,July 1 1991,2,Bucknell University,ATL,2016
31,Jason Terry,SG,2-Jun,185,September 15 1977,16,University of Arizona,HOU,2016
31,Festus Ezeli,C,11-Jun,255,October 21 1989,2,Vanderbilt University,GSW,2016
31,Terrence Ross,SF,7-Jun,195,February 5 1991,3,University of Washington,TOR,2016
31,Caron Butler,SF,7-Jun,228,March 13 1980,13,University of Connecticut,SAC,2016
32,Mike Scott,PF,8-Jun,237,July 16 1988,3,University of Virginia,ATL,2016
32,K.J. McDaniels,SG,6-Jun,205,February 9 1993,1,Clemson University,HOU,2016
32,Blake Griffin,PF,10-Jun,251,March 16 1989,5,University of Oklahoma,LAC,2016
32,Karl-Anthony Towns,C,Jul-00,244,November 15 1995,R,University of Kentucky,MIN,2016
32,C.J. Watson,PG,2-Jun,175,April 17 1984,8,University of Tennessee,ORL,2016
33,Marc Gasol,C,1-Jul,255,January 29 1985,7,,MEM,2016
33,Mitch McGary,PF,10-Jun,255,June 6 1992,1,University of Michigan,OKC,2016
33,Ryan Anderson,PF,10-Jun,240,May 6 1988,7,University of California,NOP,2016
33,Robert Covington,SF,9-Jun,215,December 14 1990,2,Tennessee State University,PHI,2016
33,Myles Turner,C,11-Jun,243,March 24 1996,R,University of Texas at Austin,IND,2016
33,Willie Reed,PF,10-Jun,220,May 16 1990,R,Saint Louis University,BRK,2016
33,Boris Diaw,PF,8-Jun,250,April 16 1982,12,,SAS,2016
33,Corey Brewer,SF,9-Jun,186,March 5 1986,8,University of Florida,HOU,2016
33,Wesley Johnson,SF,7-Jun,215,July 11 1987,5,Syracuse University,LAC,2016
33,Adreian Payne,PF,10-Jun,237,February 19 1991,1,Michigan State University,MIN,2016
33,Trevor Booker,PF,8-Jun,228,November 25 1987,5,Clemson University,UTA,2016
34,Brandan Wright,PF,10-Jun,210,October 5 1987,7,University of North Carolina,MEM,2016
34,Josh Huestis,SF,7-Jun,230,December 19 1991,R,Stanford University,OKC,2016
34,Cliff Alexander,PF,8-Jun,240,November 16 1995,R,University of Kansas,POR,2016
34,Devin Harris,PG,3-Jun,192,February 27 1983,11,University of Wisconsin,DAL,2016
34,Giannis Antetokounmpo,SF,11-Jun,222,December 6 1994,2,,MIL,2016
34,Tobias Harris,PF,9-Jun,235,July 15 1992,4,University of Tennessee,DET,2016
34,Mike Dunleavy,SF,9-Jun,230,September 15 1980,13,Duke University,CHI,2016
34,Shaun Livingston,PG,7-Jun,182,September 11 1985,10,,GSW,2016
34,Paul Pierce,SF,7-Jun,235,October 13 1977,17,University of Kansas,LAC,2016
35,Kevin Durant,SF,9-Jun,240,September 29 1988,8,University of Texas at Austin,OKC,2016
35,Chris Kaman,C,Jul-00,265,April 28 1982,12,Central Michigan University,POR,2016
35,Christian Wood,PF,11-Jun,220,September 27 1995,R,University of Nevada Las Vegas,PHI,2016
35,Montrezl Harrell,PF,8-Jun,240,January 26 1994,R,University of Louisville,HOU,2016
35,Kenneth Faried,PF,8-Jun,228,November 19 1989,4,Morehead State University,DEN,2016
35,Mirza Teletovic,PF,9-Jun,242,September 18 1985,3,,PHO,2016
36,Marcus Smart,PG,4-Jun,220,March 6 1994,1,Oklahoma State University,BOS,2016
36,Kevon Looney,PF,9-Jun,220,February 6 1996,R,University of California Los Angeles,GSW,2016
37,Metta World Peace,SF,6-Jun,260,November 13 1979,15,St. John's University,LAL,2016
39,Jerami Grant,SF,8-Jun,210,March 12 1994,1,Syracuse University,PHI,2016
40,Glenn Robinson III,PF,7-Jun,222,January 8 1994,1,University of Michigan,IND,2016
40,Udonis Haslem,PF,8-Jun,235,June 9 1980,12,University of Florida,MIA,2016
40,Boban Marjanovic,C,3-Jul,290,August 15 1988,R,,SAS,2016
40,Harrison Barnes,SF,8-Jun,210,May 30 1992,3,University of North Carolina,GSW,2016
40,Cody Zeller,C,Jul-00,240,October 5 1992,2,Indiana University,CHO,2016
41,Dirk Nowitzki,PF,Jul-00,245,June 19 1978,17,,DAL,2016
41,Thomas Robinson,PF,10-Jun,237,March 17 1991,3,University of Kansas,BRK,2016
41,Kelly Olynyk,C,Jul-00,238,April 19 1991,2,Gonzaga University,BOS,2016
41,Cameron Bairstow,C,9-Jun,250,December 7 1990,1,University of New Mexico,CHI,2016
41,Trey Lyles,PF,10-Jun,234,November 5 1995,R,University of Kentucky,UTA,2016
41,Kosta Koufos,PF,Jul-00,265,February 24 1989,7,Ohio State University,SAC,2016
42,Lance Thomas,SF,8-Jun,235,April 24 1988,4,Duke University,NYK,2016
42,Alexis Ajinca,C,2-Jul,248,May 6 1988,5,,NOP,2016
42,Elton Brand,PF,8-Jun,275,March 11 1979,16,Duke University,PHI,2016
42,Shayne Whittington,PF,11-Jun,250,March 27 1991,1,Western Michigan University,IND,2016
42,David Lee,PF,9-Jun,245,April 29 1983,10,University of Florida,DAL,2016
42,Nene,PF,11-Jun,250,September 13 1982,13,,WAS,2016
43,Anthony Tolliver,PF,8-Jun,240,June 1 1985,7,Creighton University,DET,2016
43,Kris Humphries,PF,9-Jun,235,February 6 1985,11,University of Minnesota,ATL,2016
44,Luis Montero,SG,7-Jun,185,April 6 1993,R,Westchester CC,POR,2016
44,Dante Cunningham,SF,8-Jun,230,April 22 1987,6,Villanova University,NOP,2016
44,Solomon Hill,SF,7-Jun,225,March 18 1991,2,University of Arizona,IND,2016
44,Bojan Bogdanovic,SF,8-Jun,216,April 18 1989,1,,BRK,2016
44,Tyler Zeller,C,Jul-00,253,January 17 1990,3,University of North Carolina,BOS,2016
44,Nikola Mirotic,PF,10-Jun,220,February 11 1991,1,,CHI,2016
44,Frank Kaminsky,C,Jul-00,242,April 4 1993,R,University of Wisconsin,CHO,2016
44,Andrew Nicholson,PF,9-Jun,250,December 8 1989,3,St. Bonaventure University,ORL,2016
45,Cole Aldrich,C,11-Jun,250,October 31 1988,5,University of Kansas,LAC,2016
50,Zach Randolph,PF,9-Jun,260,July 16 1981,14,Michigan State University,MEM,2016
50,Salah Mejri,C,1-Jul,245,June 15 1986,R,,DAL,2016
50,Joel Anthony,C,9-Jun,245,August 9 1982,8,University of Nevada Las Vegas,DET,2016
50,Tyler Hansbrough,PF,9-Jun,250,November 3 1985,6,University of North Carolina,CHO,2016
50,Robert Sacre,C,Jul-00,270,June 6 1989,3,Gonzaga University,LAL,2016
52,Mo Williams,PG,1-Jun,198,December 19 1982,12,University of Alabama,CLE,2016
54,Patrick Patterson,PF,9-Jun,235,March 14 1989,5,University of Kentucky,TOR,2016
55,Jordan Mickey,PF,8-Jun,235,July 9 1994,R,Louisiana State University,BOS,2016
55,E'Twaun Moore,SG,4-Jun,191,February 28 1989,4,Purdue University,CHI,2016
55,Delon Wright,PG,5-Jun,190,April 26 1992,R,University of Utah,TOR,2016
55,Brandon Jennings,PG,1-Jun,169,September 23 1989,6,,ORL,2016
77,Johnny O'Bryant,PF,9-Jun,257,June 1 1993,1,Louisiana State University,MIL,2016
77,Joffrey Lauvergne,C,11-Jun,220,September 30 1991,1,,DEN,2016
88,Nemanja Bjelica,PF,10-Jun,240,May 9 1988,R,,MIN,2016
90,Amir Johnson,PF,9-Jun,240,May 1 1987,10,,BOS,2016
90,Drew Gooden,PF,10-Jun,250,September 24 1981,13,University of Kansas,WAS,2016
92,Lucas Nogueira,C,Jul-00,220,July 26 1992,1,,TOR,2016
99,Jae Crowder,SF,6-Jun,235,July 6 1990,3,Marquette University,BOS,2016
,Tony Wroten,G,6-Jun,205,April 13 1993,3,University of Washington,NYK,2016
,Quincy Pondexter,G-F,7-Jun,220,March 10 1988,5,University of Washington,NOP,2016
,Joel Embiid,C,Jul-00,250,March 16 1994,R,University of Kansas,PHI,2016
,Dorell Wright,F-G,9-Jun,205,December 2 1985,11,,MIA,2016
,Lorenzo Brown,G,5-Jun,189,August 26 1990,2,North Carolina State University,DET,2016
,Wilson Chandler,F,8-Jun,225,May 10 1987,8,DePaul University,DEN,2016
,John Holland,G-F,5-Jun,205,November 6 1988,R,Boston University,BOS,2016